Metric,Go,Node.js
Success Rate,100.00%,100.00%
Avg Response Time,10.167972967s,10.398s
Messages/sec,29111.122643193194,20995.668276120676
Requests/sec,176.431046322383,192.62080987266674
